Year,Month,Day,Temperature
2022,10,12,15
2023,12,25,28
2023,05,18,16
2022,05,24,37
2023,05,18,28
2023,12,18,17
2024,10,28,34
2022,05,16,36
2023,03,22,26
2024,03,23,28
2022,01,11,24
2022,02,20,22
2024,04,14,15
2023,06,06,25
2022,03,24,21
2023,06,16,38
2024,11,19,33
2024,11,21,22
2023,07,24,29
2024,06,19,39
2024,08,02,32
2023,08,16,27
2022,04,12,21
2024,08,15,21
2022,10,14,37
2022,01,12,29
2022,08,27,20
2024,01,04,38
2024,03,27,32
2024,06,14,23
2024,11,12,36
2023,05,22,21
2023,11,28,15
2024,03,10,25
2022,10,24,34
2023,07,07,20
2023,09,21,21
2022,07,24,16
2023,05,24,39
2022,07,03,35
2022,04,01,39
2023,04,18,20
2022,01,14,25
2024,08,28,16
2023,11,23,32
2023,09,23,34
2024,12,10,27
2022,02,18,22
2022,10,01,25
2022,12,20,29
2023,08,02,28
2023,01,15,21
2022,11,17,31
2023,05,01,15
2023,10,23,21
2023,12,03,21
2024,07,14,38
2024,10,11,25
2022,05,27,26
2024,02,16,34
2022,03,26,16
2024,12,17,21
2022,08,14,36
2022,03,04,25
2022,06,26,34
2023,11,26,18
2023,06,24,21
2024,07,28,18
2022,10,06,33
2023,05,06,17
2023,01,07,26
2023,04,24,24
2022,10,27,23
2024,01,04,21
2023,02,12,40
2024,05,12,40
2024,10,13,33
2024,02,07,32
2024,03,21,29
2022,03,08,29
2023,07,19,25
2024,10,28,30
2022,12,09,27
2023,04,01,30
2024,02,22,29
2022,02,19,22
2024,08,17,38
2024,02,23,16
2022,10,03,25
2022,04,01,25
2022,06,15,21
2023,11,14,36
2024,01,24,16
2024,01,12,28
2022,03,22,38
2023,07,08,27
2023,06,11,18
2023,10,09,27
2022,03,22,36
2024,04,24,19
2023,12,25,24
2023,03,03,17
2023,07,13,22
2023,02,10,40
2022,05,10,18
2023,04,04,29
2024,03,05,35
2024,12,19,26
2022,09,09,21
2022,03,12,18
2022,02,25,22
2023,06,13,29
2023,06,26,20
2024,07,26,24
2024,09,20,32
2023,04,16,23
2023,05,11,16
2023,01,09,31
2024,01,24,22
2024,08,04,35
2024,12,10,15
2024,12,05,25
2022,08,19,19
2024,03,19,29
2022,01,04,25
2023,09,13,40
2022,10,15,24
2022,08,28,20
2022,01,06,40
2023,11,28,23
2024,02,11,29
2022,11,03,34
2024,11,02,39
2023,12,27,16
2023,06,09,39
2024,11,17,39
2024,12,04,27
2024,01,01,32
2024,09,25,39
2022,08,28,29
2023,12,14,40
2024,01,17,35
2022,10,27,33
2022,08,11,31
2024,10,06,24
2024,12,18,33
2023,01,13,37
2023,11,25,28
2022,02,21,17
2024,03,07,32
2023,04,11,38
2023,01,08,29
2024,08,02,28
2024,08,17,21
2024,11,07,18
2022,10,16,22
2024,11,14,16
2023,12,04,15
2022,09,06,33
2023,08,14,15
2023,06,18,20
2023,07,10,32
2022,08,17,34
2024,06,14,18
2023,08,23,20
2022,11,01,37
2022,01,05,19
2023,07,13,33
2024,03,19,28
2024,08,24,34
2023,11,18,36
2022,04,13,23
2024,08,18,23
2023,11,01,31
2024,10,18,35
2023,04,21,35
2023,01,15,16
2024,03,23,27
2022,04,13,36
2022,10,13,24
2024,08,16,36
2023,09,20,16
2024,03,26,30
2023,02,24,27
2024,10,10,21
2023,10,21,32
2024,11,26,18
2022,05,22,16
2022,08,28,17
2023,01,25,19
2022,07,05,32
2022,12,06,39
2024,01,28,40
2022,07,28,24
2024,03,12,15
2022,06,13,34
2024,01,10,33
2023,10,25,32
2022,06,17,22
2022,08,20,26
2023,04,04,39
2022,04,15,22
2024,04,23,34
2024,11,15,35
2023,10,04,16
2022,01,23,33
2024,12,20,30
2023,02,13,23
2022,02,06,27
2023,06,25,29
2024,02,16,17
2024,06,11,27
2023,06,17,36
2024,08,07,38
2023,06,07,15
2022,07,05,26
2023,11,08,40
2024,03,04,39
2024,03,20,34
2024,03,03,31
2022,01,08,25
2024,04,01,20
2024,04,17,34
2023,07,27,29
2023,08,12,37
2024,05,18,16
2022,11,01,37
2023,08,05,24
2024,07,16,16
2024,10,04,25
2022,08,04,16
2023,11,21,23
2024,09,18,35
2024,11,22,16
2024,01,16,32
2023,12,15,16
2023,03,13,31
2023,08,24,33
2024,12,19,16
2023,12,16,39
2023,08,05,39
2024,09,25,36
2022,04,01,39
2023,03,03,21
2023,05,15,22
2022,03,27,23
2022,09,24,20
2023,05,15,35
2024,03,04,33
2022,07,11,21
2023,12,03,35
2024,02,06,28
2022,11,28,27
2024,02,17,22
2022,06,19,33
2024,03,05,18
2023,02,28,31
2022,02,24,17
2023,01,26,23
2022,07,26,40
2023,12,02,23
2022,01,09,32
2022,09,08,30
2024,12,14,18
2022,04,19,31
2022,06,10,21
2022,08,04,29
2023,12,10,21
2023,08,07,27
2024,03,25,26
2024,10,22,20
2023,06,24,19
2022,03,23,24
2022,02,25,15
2022,07,25,24
2022,02,05,15
2024,01,18,35
2022,09,02,25
2024,11,22,27
2022,12,14,18
2023,04,25,20
2024,06,08,33
2024,03,22,34
2024,06,27,24
2023,02,23,27
2022,06,23,29
2023,04,05,26
2023,03,15,33
2024,02,25,38
2024,07,23,40
2023,06,10,21
2022,11,07,23
2022,01,16,20
2022,11,04,24
2023,03,15,28
2023,01,01,17
2023,05,09,18
2023,08,25,34
2024,03,10,38
2023,07,11,40
2023,02,10,16
2023,01,06,24
2023,10,09,37
2022,04,08,18
2024,06,01,17
2024,10,25,24
2024,02,21,37
2024,10,12,40
2022,01,25,22
2023,05,03,26
2022,10,10,30
2024,04,04,17
2023,04,07,23
2022,11,27,40
2023,04,06,24
2022,09,11,33
2023,01,19,15
2024,02,26,36
2022,06,01,23
2022,09,19,18
2024,09,01,38
2022,09,25,24
2022,11,17,24
2023,10,05,24
2022,12,25,30
2023,10,21,17
2022,02,05,40
2024,07,21,21
2024,05,12,16
2024,12,21,36
2023,07,04,23
2022,03,11,27
2024,06,02,24
2023,06,10,27
2024,08,22,35
2024,05,05,25
2024,11,10,31
2022,02,22,32
2023,09,03,20
2022,11,02,19
2024,10,15,26
2023,04,11,22
2022,04,01,27
2024,05,10,16
2023,04,05,20
2024,04,14,22
2023,06,22,17
2022,08,11,29
2022,11,25,24
2024,12,23,39
2024,01,16,20
2023,05,02,26
2024,10,14,18
2023,04,23,24
2023,11,06,34
2023,04,15,33
2024,07,04,32
2022,05,04,31
2024,09,04,23
2024,11,06,40
2023,09,11,39
2023,02,09,25
2022,07,17,24
2023,08,22,36
2024,12,20,24
2024,06,13,21
2024,10,27,18
2024,10,17,17
2022,09,16,29
2022,04,19,22
2023,05,18,38
2023,08,21,39
2024,05,04,19
2022,11,27,36
2022,08,16,32
2022,07,05,24
2023,08,02,40
2024,08,24,19
2024,04,04,30
2023,10,14,29
2022,09,17,40
2024,06,02,19
2023,07,28,15
2022,01,25,33
2022,04,04,38
2022,04,09,23
2022,08,16,23
2024,12,17,25
2022,06,18,36
2024,03,14,21
2022,02,14,35
2023,08,16,23
2023,08,03,39
2022,07,21,15
2022,08,03,24
2023,07,03,38
2022,07,04,23
2024,05,16,36
2022,07,01,18
2022,01,08,39
2023,11,11,26
2022,07,11,35
2024,07,27,28
2022,10,15,33
2024,08,27,27
2023,08,26,19
2024,07,08,28
2022,02,13,24
2022,06,12,27
2022,10,08,20
2023,07,17,36
2022,09,21,18
2022,08,24,32
2022,10,05,23
2023,07,10,28
2024,08,28,26
2022,07,08,17
2023,12,12,24
2022,06,16,21
2022,09,18,26
2022,06,09,25
2024,03,21,23
2024,08,07,33
2022,11,09,35
2023,07,07,34
2023,03,07,22
2022,12,14,23
2023,01,08,27
2024,10,05,19
2023,06,09,38
2023,05,06,37
2024,01,07,32
2022,04,16,25
2024,10,23,40
2022,03,26,38
2023,08,25,31
2022,01,28,34
2023,03,09,40
2023,12,16,22
2022,06,14,29
2023,04,04,34
2024,09,03,22
2023,05,11,21
2022,10,13,39
2023,07,02,39
2022,04,03,32
2022,12,25,17
2022,05,14,38
2024,03,19,31
2024,11,03,17
2022,02,13,32
2023,10,01,15
2024,09,10,24
2022,03,25,19
2022,12,20,34
2023,06,09,16
2023,01,18,37
2022,12,02,24
2022,12,03,36
2023,06,28,17
2022,10,24,16
2022,12,21,27
2024,11,22,18
2023,03,02,38
2022,12,21,29
2023,11,20,19
2022,04,03,23
2023,02,24,15
2022,08,03,33
2024,04,02,37
2022,11,24,26
2024,03,15,18
2023,10,09,35
2022,01,26,23
2022,06,21,15
2023,10,03,28
2024,05,02,27
2022,09,13,21
2022,03,07,34
2023,03,02,35
2024,01,06,37
2022,02,26,37
2023,02,03,26
2023,01,05,28
2022,05,13,34
2024,09,10,15
2023,02,10,16
2022,08,15,24
2023,04,24,33
2022,03,09,37
2022,01,11,32
2022,11,20,21
2022,06,12,24
2023,11,04,35
2023,07,08,35
2022,09,17,25
2022,07,18,32
2024,10,21,34
2023,09,09,34
2024,06,17,23
2024,01,15,27
2024,04,14,28
2022,06,18,15
2024,08,24,29
2023,12,15,35
2024,12,07,28
2022,05,07,18
2023,04,10,33
2023,03,20,18
2024,01,15,34
2024,02,02,19
2024,12,05,37
2023,04,11,25
2024,02,25,17
2024,10,28,23
2022,10,26,21
2022,06,03,35
2024,03,26,22
2022,02,01,20
2022,08,14,36
2022,01,07,25
2022,08,11,32
2022,09,24,32
2023,06,13,20
2024,12,23,35
2022,09,14,27
2022,12,06,26
2022,06,27,34
2024,10,22,19
2022,07,22,18
2022,11,18,38
2024,08,12,20
2024,02,08,30
2022,06,23,34
2023,10,12,35
2024,10,14,36
2022,04,21,28
2023,06,23,20
2024,09,04,25
2024,05,15,23
2023,09,13,20
2023,05,23,15
2024,06,04,39
2022,08,19,23
2024,08,05,24
2022,12,26,24
2023,09,16,19
2022,11,04,24
2023,04,14,19
2024,04,25,24
2023,06,15,30
2024,06,07,27
2024,06,03,31
2022,09,05,35
2024,04,28,36
2022,12,25,27
2024,12,13,40
2024,09,20,37
2022,06,13,37
2022,07,03,33
2024,10,05,30
2024,02,11,31
2022,04,14,36
2023,09,20,17
2022,04,11,36
2022,05,16,15
2022,08,20,38
2022,11,03,26
2023,12,28,24
2023,05,02,36
2022,12,08,19
2023,12,16,35
2022,03,03,17
2022,07,04,38
2023,01,24,34
2023,07,24,30
2023,10,05,19
2023,09,17,20
2022,12,21,19
2022,04,19,27
2023,03,08,31
2024,03,02,21
2024,07,03,30
2022,04,26,22
2023,09,20,17
2023,04,18,23
2022,04,11,21
2024,09,20,31
2024,02,13,25
2023,08,21,22
2024,01,20,20
2022,02,24,28
2024,01,22,26
2024,10,01,40
2023,10,05,22
2022,07,19,36
2023,08,21,18
2024,06,24,24
2022,09,13,29
2023,08,10,20
