TransactionID,Product,Quantity,Price
T0001,Headphones,10,2500
T0002,Camera,8,35000
T0003,Speaker,7,4000
T0004,Laptop,1,50000
T0005,Laptop,4,50000
T0006,Speaker,4,4000
T0007,Mouse,4,500
T0008,Keyboard,5,1200
T0009,Monitor,3,15000
T0010,Headphones,5,2500
T0011,Headphones,9,2500
T0012,Speaker,1,4000
T0013,Laptop,7,50000
T0014,Monitor,8,15000
T0015,Mouse,3,500
T0016,Tablet,4,20000
T0017,Laptop,8,50000
T0018,Headphones,9,2500
T0019,Headphones,3,2500
T0020,Speaker,8,4000
T0021,Printer,2,12000
T0022,Keyboard,1,1200
T0023,Tablet,7,20000
T0024,Printer,4,12000
T0025,Printer,4,12000
T0026,Camera,8,35000
T0027,Laptop,8,50000
T0028,Speaker,7,4000
T0029,Keyboard,10,1200
T0030,Mouse,6,500
T0031,Printer,10,12000
T0032,Laptop,9,50000
T0033,Monitor,2,15000
T0034,Keyboard,5,1200
T0035,Tablet,7,20000
T0036,Monitor,8,15000
T0037,Phone,5,30000
T0038,Monitor,9,15000
T0039,Speaker,3,4000
T0040,Printer,7,12000
T0041,Mouse,2,500
T0042,Headphones,3,2500
T0043,Monitor,7,15000
T0044,Printer,7,12000
T0045,Monitor,6,15000
T0046,Tablet,10,20000
T0047,Camera,8,35000
T0048,Headphones,6,2500
T0049,Monitor,4,15000
T0050,Printer,4,12000
T0051,Laptop,8,50000
T0052,Keyboard,6,1200
T0053,Keyboard,7,1200
T0054,Monitor,7,15000
T0055,Headphones,9,2500
T0056,Keyboard,9,1200
T0057,Laptop,1,50000
T0058,Phone,7,30000
T0059,Tablet,5,20000
T0060,Tablet,10,20000
T0061,Headphones,3,2500
T0062,Camera,2,35000
T0063,Tablet,2,20000
T0064,Laptop,5,50000
T0065,Laptop,4,50000
T0066,Headphones,9,2500
T0067,Camera,5,35000
T0068,Keyboard,4,1200
T0069,Mouse,8,500
T0070,Camera,7,35000
T0071,Tablet,10,20000
T0072,Keyboard,4,1200
T0073,Phone,6,30000
T0074,Tablet,4,20000
T0075,Mouse,2,500
T0076,Mouse,5,500
T0077,Printer,9,12000
T0078,Laptop,2,50000
T0079,Printer,5,12000
T0080,Mouse,2,500
T0081,Laptop,2,50000
T0082,Keyboard,9,1200
T0083,Mouse,10,500
T0084,Laptop,10,50000
T0085,Mouse,9,500
T0086,Mouse,9,500
T0087,Laptop,6,50000
T0088,Printer,2,12000
T0089,Laptop,8,50000
T0090,Keyboard,4,1200
T0091,Speaker,3,4000
T0092,Printer,5,12000
T0093,Speaker,7,4000
T0094,Headphones,6,2500
T0095,Phone,5,30000
T0096,Tablet,1,20000
T0097,Printer,3,12000
T0098,Keyboard,10,1200
T0099,Mouse,8,500
T0100,Phone,6,30000
T0101,Mouse,9,500
T0102,Speaker,5,4000
T0103,Speaker,7,4000
T0104,Phone,5,30000
T0105,Speaker,9,4000
T0106,Mouse,6,500
T0107,Monitor,8,15000
T0108,Mouse,7,500
T0109,Headphones,10,2500
T0110,Phone,1,30000
T0111,Tablet,5,20000
T0112,Mouse,1,500
T0113,Printer,2,12000
T0114,Tablet,2,20000
T0115,Headphones,1,2500
T0116,Camera,3,35000
T0117,Camera,1,35000
T0118,Keyboard,3,1200
T0119,Headphones,3,2500
T0120,Keyboard,7,1200
T0121,Speaker,10,4000
T0122,Laptop,2,50000
T0123,Keyboard,8,1200
T0124,Laptop,8,50000
T0125,Tablet,5,20000
T0126,Tablet,6,20000
T0127,Speaker,9,4000
T0128,Camera,8,35000
T0129,Mouse,8,500
T0130,Tablet,8,20000
T0131,Camera,2,35000
T0132,Mouse,8,500
T0133,Speaker,8,4000
T0134,Laptop,1,50000
T0135,Laptop,10,50000
T0136,Headphones,3,2500
T0137,Tablet,8,20000
T0138,Keyboard,8,1200
T0139,Phone,3,30000
T0140,Speaker,5,4000
T0141,Mouse,1,500
T0142,Camera,6,35000
T0143,Mouse,8,500
T0144,Monitor,10,15000
T0145,Printer,6,12000
T0146,Mouse,5,500
T0147,Keyboard,10,1200
T0148,Speaker,1,4000
T0149,Speaker,3,4000
T0150,Printer,8,12000
T0151,Keyboard,4,1200
T0152,Laptop,6,50000
T0153,Mouse,9,500
T0154,Printer,8,12000
T0155,Tablet,3,20000
T0156,Laptop,5,50000
T0157,Laptop,4,50000
T0158,Monitor,6,15000
T0159,Camera,2,35000
T0160,Printer,8,12000
T0161,Speaker,10,4000
T0162,Keyboard,1,1200
T0163,Tablet,10,20000
T0164,Speaker,4,4000
T0165,Mouse,1,500
T0166,Printer,6,12000
T0167,Headphones,7,2500
T0168,Monitor,9,15000
T0169,Tablet,4,20000
T0170,Monitor,6,15000
T0171,Monitor,7,15000
T0172,Keyboard,9,1200
T0173,Laptop,10,50000
T0174,Keyboard,9,1200
T0175,Printer,6,12000
T0176,Mouse,1,500
T0177,Mouse,8,500
T0178,Headphones,10,2500
T0179,Mouse,9,500
T0180,Keyboard,6,1200
T0181,Printer,5,12000
T0182,Speaker,1,4000
T0183,Headphones,10,2500
T0184,Mouse,7,500
T0185,Laptop,1,50000
T0186,Monitor,9,15000
T0187,Camera,1,35000
T0188,Monitor,1,15000
T0189,Keyboard,6,1200
T0190,Phone,10,30000
T0191,Printer,7,12000
T0192,Keyboard,9,1200
T0193,Monitor,4,15000
T0194,Keyboard,5,1200
T0195,Laptop,5,50000
T0196,Camera,6,35000
T0197,Tablet,9,20000
T0198,Headphones,2,2500
T0199,Printer,9,12000
T0200,Speaker,9,4000
T0201,Keyboard,4,1200
T0202,Camera,7,35000
T0203,Monitor,3,15000
T0204,Tablet,10,20000
T0205,Mouse,3,500
T0206,Speaker,8,4000
T0207,Printer,7,12000
T0208,Keyboard,5,1200
T0209,Camera,6,35000
T0210,Tablet,6,20000
T0211,Phone,3,30000
T0212,Printer,3,12000
T0213,Keyboard,3,1200
T0214,Camera,6,35000
T0215,Speaker,2,4000
T0216,Tablet,8,20000
T0217,Tablet,10,20000
T0218,Camera,5,35000
T0219,Headphones,3,2500
T0220,Mouse,6,500
T0221,Monitor,2,15000
T0222,Monitor,2,15000
T0223,Speaker,5,4000
T0224,Phone,6,30000
T0225,Keyboard,1,1200
T0226,Phone,3,30000
T0227,Keyboard,8,1200
T0228,Speaker,10,4000
T0229,Speaker,7,4000
T0230,Speaker,2,4000
T0231,Printer,2,12000
T0232,Keyboard,5,1200
T0233,Speaker,8,4000
T0234,Speaker,5,4000
T0235,Laptop,4,50000
T0236,Camera,1,35000
T0237,Tablet,10,20000
T0238,Printer,8,12000
T0239,Mouse,9,500
T0240,Printer,4,12000
T0241,Headphones,8,2500
T0242,Keyboard,8,1200
T0243,Keyboard,5,1200
T0244,Phone,1,30000
T0245,Speaker,9,4000
T0246,Printer,5,12000
T0247,Laptop,3,50000
T0248,Monitor,1,15000
T0249,Camera,4,35000
T0250,Laptop,6,50000
T0251,Mouse,1,500
T0252,Monitor,7,15000
T0253,Monitor,10,15000
T0254,Keyboard,3,1200
T0255,Camera,1,35000
T0256,Monitor,10,15000
T0257,Mouse,1,500
T0258,Mouse,7,500
T0259,Laptop,6,50000
T0260,Monitor,3,15000
T0261,Headphones,2,2500
T0262,Speaker,10,4000
T0263,Headphones,8,2500
T0264,Monitor,2,15000
T0265,Mouse,1,500
T0266,Keyboard,3,1200
T0267,Laptop,8,50000
T0268,Camera,9,35000
T0269,Tablet,2,20000
T0270,Camera,2,35000
T0271,Keyboard,2,1200
T0272,Speaker,6,4000
T0273,Monitor,9,15000
T0274,Laptop,4,50000
T0275,Camera,8,35000
T0276,Speaker,7,4000
T0277,Mouse,5,500
T0278,Camera,4,35000
T0279,Monitor,10,15000
T0280,Keyboard,4,1200
T0281,Mouse,3,500
T0282,Mouse,3,500
T0283,Camera,5,35000
T0284,Monitor,10,15000
T0285,Keyboard,10,1200
T0286,Tablet,8,20000
T0287,Monitor,3,15000
T0288,Printer,2,12000
T0289,Printer,5,12000
T0290,Phone,5,30000
T0291,Printer,8,12000
T0292,Monitor,7,15000
T0293,Tablet,1,20000
T0294,Camera,9,35000
T0295,Printer,3,12000
T0296,Phone,6,30000
T0297,Speaker,5,4000
T0298,Headphones,2,2500
T0299,Speaker,6,4000
T0300,Speaker,8,4000
T0301,Mouse,6,500
T0302,Camera,1,35000
T0303,Headphones,8,2500
T0304,Headphones,4,2500
T0305,Keyboard,9,1200
T0306,Speaker,7,4000
T0307,Laptop,6,50000
T0308,Monitor,8,15000
T0309,Speaker,5,4000
T0310,Speaker,2,4000
T0311,Keyboard,5,1200
T0312,Phone,4,30000
T0313,Laptop,8,50000
T0314,Printer,4,12000
T0315,Laptop,4,50000
T0316,Keyboard,5,1200
T0317,Camera,1,35000
T0318,Tablet,7,20000
T0319,Camera,4,35000
T0320,Tablet,8,20000
T0321,Tablet,8,20000
T0322,Keyboard,3,1200
T0323,Monitor,10,15000
T0324,Camera,3,35000
T0325,Keyboard,8,1200
T0326,Headphones,3,2500
T0327,Headphones,7,2500
T0328,Laptop,8,50000
T0329,Printer,2,12000
T0330,Headphones,5,2500
T0331,Mouse,9,500
T0332,Tablet,8,20000
T0333,Phone,4,30000
T0334,Speaker,1,4000
T0335,Printer,10,12000
T0336,Mouse,3,500
T0337,Keyboard,5,1200
T0338,Mouse,2,500
T0339,Printer,1,12000
T0340,Mouse,10,500
T0341,Printer,9,12000
T0342,Speaker,9,4000
T0343,Phone,9,30000
T0344,Laptop,7,50000
T0345,Keyboard,3,1200
T0346,Phone,1,30000
T0347,Mouse,5,500
T0348,Monitor,4,15000
T0349,Mouse,3,500
T0350,Camera,2,35000
T0351,Speaker,5,4000
T0352,Laptop,8,50000
T0353,Laptop,1,50000
T0354,Monitor,7,15000
T0355,Laptop,8,50000
T0356,Speaker,2,4000
T0357,Mouse,5,500
T0358,Mouse,9,500
T0359,Mouse,3,500
T0360,Phone,1,30000
T0361,Laptop,2,50000
T0362,Phone,10,30000
T0363,Monitor,4,15000
T0364,Mouse,9,500
T0365,Headphones,4,2500
T0366,Laptop,10,50000
T0367,Tablet,2,20000
T0368,Tablet,8,20000
T0369,Keyboard,6,1200
T0370,Laptop,1,50000
T0371,Monitor,7,15000
T0372,Camera,1,35000
T0373,Phone,2,30000
T0374,Headphones,2,2500
T0375,Laptop,8,50000
T0376,Keyboard,7,1200
T0377,Keyboard,4,1200
T0378,Speaker,1,4000
T0379,Speaker,5,4000
T0380,Laptop,8,50000
T0381,Keyboard,3,1200
T0382,Mouse,10,500
T0383,Laptop,2,50000
T0384,Laptop,2,50000
T0385,Monitor,5,15000
T0386,Tablet,4,20000
T0387,Phone,8,30000
T0388,Phone,1,30000
T0389,Phone,6,30000
T0390,Headphones,6,2500
T0391,Monitor,8,15000
T0392,Camera,7,35000
T0393,Monitor,4,15000
T0394,Camera,5,35000
T0395,Printer,4,12000
T0396,Keyboard,4,1200
T0397,Camera,8,35000
T0398,Speaker,10,4000
T0399,Camera,5,35000
T0400,Tablet,2,20000
T0401,Tablet,1,20000
T0402,Monitor,7,15000
T0403,Speaker,5,4000
T0404,Printer,10,12000
T0405,Monitor,1,15000
T0406,Speaker,7,4000
T0407,Keyboard,5,1200
T0408,Laptop,7,50000
T0409,Monitor,8,15000
T0410,Tablet,3,20000
T0411,Keyboard,3,1200
T0412,Laptop,4,50000
T0413,Mouse,1,500
T0414,Speaker,7,4000
T0415,Laptop,6,50000
T0416,Headphones,4,2500
T0417,Laptop,2,50000
T0418,Headphones,5,2500
T0419,Phone,3,30000
T0420,Camera,6,35000
T0421,Tablet,7,20000
T0422,Keyboard,10,1200
T0423,Phone,10,30000
T0424,Camera,7,35000
T0425,Camera,7,35000
T0426,Keyboard,5,1200
T0427,Camera,6,35000
T0428,Speaker,1,4000
T0429,Laptop,1,50000
T0430,Laptop,1,50000
T0431,Keyboard,2,1200
T0432,Speaker,2,4000
T0433,Printer,4,12000
T0434,Phone,4,30000
T0435,Monitor,6,15000
T0436,Printer,5,12000
T0437,Printer,4,12000
T0438,Keyboard,7,1200
T0439,Monitor,1,15000
T0440,Speaker,1,4000
T0441,Tablet,10,20000
T0442,Printer,10,12000
T0443,Mouse,8,500
T0444,Headphones,2,2500
T0445,Keyboard,2,1200
T0446,Headphones,6,2500
T0447,Laptop,10,50000
T0448,Keyboard,10,1200
T0449,Camera,2,35000
T0450,Monitor,2,15000
T0451,Tablet,1,20000
T0452,Tablet,9,20000
T0453,Mouse,4,500
T0454,Headphones,1,2500
T0455,Printer,10,12000
T0456,Camera,9,35000
T0457,Tablet,1,20000
T0458,Printer,2,12000
T0459,Keyboard,9,1200
T0460,Tablet,2,20000
T0461,Phone,10,30000
T0462,Keyboard,2,1200
T0463,Mouse,8,500
T0464,Monitor,5,15000
T0465,Printer,8,12000
T0466,Tablet,4,20000
T0467,Printer,4,12000
T0468,Tablet,5,20000
T0469,Speaker,9,4000
T0470,Monitor,8,15000
T0471,Tablet,2,20000
T0472,Camera,3,35000
T0473,Keyboard,5,1200
T0474,Printer,8,12000
T0475,Mouse,9,500
T0476,Printer,10,12000
T0477,Laptop,10,50000
T0478,Phone,3,30000
T0479,Keyboard,10,1200
T0480,Phone,3,30000
T0481,Keyboard,9,1200
T0482,Laptop,4,50000
T0483,Camera,10,35000
T0484,Speaker,5,4000
T0485,Camera,1,35000
T0486,Phone,1,30000
T0487,Mouse,8,500
T0488,Phone,8,30000
T0489,Monitor,7,15000
T0490,Keyboard,8,1200
T0491,Keyboard,4,1200
T0492,Camera,3,35000
T0493,Tablet,1,20000
T0494,Camera,4,35000
T0495,Camera,2,35000
T0496,Mouse,3,500
T0497,Headphones,5,2500
T0498,Camera,7,35000
T0499,Headphones,5,2500
T0500,Keyboard,3,1200
T0501,Phone,8,30000
T0502,Speaker,6,4000
T0503,Mouse,2,500
T0504,Camera,3,35000
T0505,Laptop,2,50000
T0506,Speaker,6,4000
T0507,Laptop,1,50000
T0508,Laptop,3,50000
T0509,Headphones,8,2500
T0510,Laptop,10,50000
T0511,Monitor,9,15000
T0512,Monitor,6,15000
T0513,Phone,10,30000
T0514,Monitor,6,15000
T0515,Tablet,6,20000
T0516,Printer,3,12000
T0517,Laptop,5,50000
T0518,Keyboard,8,1200
T0519,Printer,6,12000
T0520,Headphones,5,2500
T0521,Speaker,8,4000
T0522,Mouse,9,500
T0523,Headphones,3,2500
T0524,Printer,7,12000
T0525,Camera,2,35000
T0526,Printer,10,12000
T0527,Mouse,5,500
T0528,Keyboard,10,1200
T0529,Tablet,2,20000
T0530,Phone,2,30000
T0531,Phone,2,30000
T0532,Speaker,3,4000
T0533,Headphones,2,2500
T0534,Tablet,3,20000
T0535,Headphones,2,2500
T0536,Phone,8,30000
T0537,Headphones,5,2500
T0538,Printer,8,12000
T0539,Printer,1,12000
T0540,Printer,10,12000
T0541,Headphones,4,2500
T0542,Headphones,3,2500
T0543,Camera,9,35000
T0544,Keyboard,3,1200
T0545,Keyboard,5,1200
T0546,Phone,8,30000
T0547,Camera,1,35000
T0548,Speaker,7,4000
T0549,Tablet,3,20000
T0550,Tablet,6,20000
T0551,Monitor,5,15000
T0552,Laptop,6,50000
T0553,Laptop,2,50000
T0554,Headphones,7,2500
T0555,Speaker,7,4000
T0556,Headphones,7,2500
T0557,Monitor,7,15000
T0558,Laptop,9,50000
T0559,Camera,9,35000
T0560,Monitor,1,15000
T0561,Keyboard,7,1200
T0562,Laptop,7,50000
T0563,Camera,4,35000
T0564,Laptop,7,50000
T0565,Laptop,2,50000
T0566,Speaker,3,4000
T0567,Monitor,4,15000
T0568,Phone,5,30000
T0569,Headphones,5,2500
T0570,Keyboard,4,1200
T0571,Keyboard,1,1200
T0572,Laptop,10,50000
T0573,Speaker,3,4000
T0574,Tablet,1,20000
T0575,Camera,3,35000
T0576,Tablet,4,20000
T0577,Mouse,6,500
T0578,Laptop,1,50000
T0579,Camera,10,35000
T0580,Mouse,4,500
T0581,Camera,3,35000
T0582,Headphones,2,2500
T0583,Headphones,7,2500
T0584,Monitor,1,15000
T0585,Keyboard,2,1200
T0586,Phone,4,30000
T0587,Phone,2,30000
T0588,Printer,8,12000
T0589,Tablet,4,20000
T0590,Tablet,8,20000
T0591,Laptop,2,50000
T0592,Printer,7,12000
T0593,Phone,5,30000
T0594,Monitor,2,15000
T0595,Monitor,8,15000
T0596,Laptop,10,50000
T0597,Monitor,7,15000
T0598,Monitor,8,15000
T0599,Laptop,1,50000
T0600,Speaker,5,4000
