101,Anu,CSE,85
102,Rahul,ECE,72
103,Meera,CSE,91
104,Arun,EEE,68
105,John,CSE,78
106,Neha,ECE,88
107,Vivek,EEE,75
108,Anjali,CSE,95
109,Akhil109,CSE,71
110,Diya110,ECE,78
111,Nikhil111,EEE,85
112,Sneha112,CSE,92
113,Rohan113,ECE,99
114,Kavya114,EEE,45
115,Arjun115,CSE,52
116,Priya116,ECE,59
117,Adithya117,EEE,66
118,Maya118,CSE,73
119,Kiran119,ECE,80
120,Nandana120,EEE,87
121,Abhinav121,CSE,94
122,Lakshmi122,ECE,40
123,Vishnu123,EEE,47
124,Ananya124,CSE,54
125,Sreehari125,ECE,61
126,Devika126,EEE,68
127,Amal127,CSE,75
128,Gouri128,ECE,82
129,Akhil129,EEE,89
130,Diya130,CSE,96
131,Nikhil131,ECE,42
132,Sneha132,EEE,49
133,Rohan133,CSE,56
134,Kavya134,ECE,63
135,Arjun135,EEE,70
136,Priya136,CSE,77
137,Adithya137,ECE,84
138,Maya138,EEE,91
139,Kiran139,CSE,98
140,Nandana140,ECE,44
141,Abhinav141,EEE,51
142,Lakshmi142,CSE,58
143,Vishnu143,ECE,65
144,Ananya144,EEE,72
145,Sreehari145,CSE,79
146,Devika146,ECE,86
147,Amal147,EEE,93
148,Gouri148,CSE,100
149,Akhil149,ECE,46
150,Diya150,EEE,53
151,Nikhil151,CSE,60
152,Sneha152,ECE,67
153,Rohan153,EEE,74
154,Kavya154,CSE,81
155,Arjun155,ECE,88
156,Priya156,EEE,95
157,Adithya157,CSE,41
158,Maya158,ECE,48
159,Kiran159,EEE,55
160,Nandana160,CSE,62
161,Abhinav161,ECE,69
162,Lakshmi162,EEE,76
163,Vishnu163,CSE,83
164,Ananya164,ECE,90
165,Sreehari165,EEE,97
166,Devika166,CSE,43
167,Amal167,ECE,50
168,Gouri168,EEE,57
169,Akhil169,CSE,64
170,Diya170,ECE,71
171,Nikhil171,EEE,78
172,Sneha172,CSE,85
173,Rohan173,ECE,92
174,Kavya174,EEE,99
175,Arjun175,CSE,45
176,Priya176,ECE,52
177,Adithya177,EEE,59
178,Maya178,CSE,66
179,Kiran179,ECE,73
180,Nandana180,EEE,80
181,Abhinav181,CSE,87
182,Lakshmi182,ECE,94
183,Vishnu183,EEE,40
184,Ananya184,CSE,47
185,Sreehari185,ECE,54
186,Devika186,EEE,61
187,Amal187,CSE,68
188,Gouri188,ECE,75
189,Akhil189,EEE,82
190,Diya190,CSE,89
191,Nikhil191,ECE,96
192,Sneha192,EEE,42
193,Rohan193,CSE,49
194,Kavya194,ECE,56
195,Arjun195,EEE,63
196,Priya196,CSE,70
197,Adithya197,ECE,77
198,Maya198,EEE,84
199,Kiran199,CSE,91
200,Nandana200,ECE,98
