EmpID,Name,Department,Salary
1001,Rahul,EEE,57686
1002,Neha,CE,85566
1003,Riya,ECE,81077
1004,Meera,ME,66484
1005,Jude,CSE,65824
1006,Arjun,ME,63101
1007,Riya,EEE,47051
1008,Jude,CSE,72778
1009,Neha,CE,90706
1010,Amy,CE,71377
1011,Anu,ECE,98044
1012,Adhil,ECE,35228
1013,Meera,ME,67540
1014,Akhil,CSE,35828
1015,Anu,ME,78718
1016,Arjun,CE,79092
1017,Jude,CSE,68467
1018,Anu,CE,44413
1019,Jude,ECE,75100
1020,Anu,EEE,84546
1021,Rohan,CSE,60052
1022,Arjun,CE,88396
1023,Vishnu,CE,32770
1024,Meera,CSE,86153
1025,Vishnu,CSE,66428
1026,Neha,ME,57185
1027,Rahul,CE,56302
1028,Amy,ME,54406
1029,Meera,CE,41727
1030,Neha,EEE,60228
1031,Arjun,ME,84446
1032,Aarav,ECE,68686
1033,Jude,ME,96637
1034,Amy,CSE,93348
1035,Kiran,ECE,96725
1036,Diya,CE,89393
1037,Akhil,ME,59984
1038,Jude,ECE,45898
1039,Kiran,CE,34664
1040,Kiran,ME,82361
1041,Riya,CE,89226
1042,Kiran,ECE,51153
1043,Diya,CSE,88540
1044,Aarav,ECE,93839
1045,Rahul,EEE,82365
1046,Jude,CE,72793
1047,Arjun,CSE,70277
1048,Riya,ME,86100
1049,Rahul,CSE,38656
1050,Arjun,ECE,95875
1051,Amy,ECE,61218
1052,Anu,CE,52013
1053,Vishnu,CSE,82249
1054,Vishnu,CE,46128
1055,Anu,CSE,88818
1056,Kiran,ECE,69080
1057,Vishnu,CE,66089
1058,Neha,EEE,56459
1059,Diya,CSE,45278
1060,Rohan,ECE,87278
1061,Diya,ECE,94763
1062,Meera,CSE,62205
1063,Kiran,EEE,32452
1064,Akhil,EEE,80535
1065,Arjun,CSE,51958
1066,Jude,ME,96513
1067,Meera,EEE,81513
1068,Vishnu,CE,43021
1069,Rohan,ME,53724
1070,Kiran,ECE,73075
1071,Riya,ME,58447
1072,Anu,CSE,66321
1073,Neha,CE,92065
1074,Rohan,EEE,69821
1075,Riya,CSE,33612
1076,Riya,ME,60662
1077,Anu,EEE,77400
1078,Adhil,CE,74235
1079,Arjun,CSE,99391
1080,Meera,EEE,53334
1081,Arjun,CSE,83215
1082,Neha,EEE,71802
1083,Neha,CE,54930
1084,Aarav,CE,89438
1085,Jude,ECE,61277
1086,Adhil,EEE,87681
1087,Neha,ECE,92862
1088,Vishnu,CSE,35820
1089,Rahul,EEE,67514
1090,Meera,ECE,49711
1091,Rohan,CE,72145
1092,Akhil,ME,43289
1093,Vishnu,ME,63297
1094,Vishnu,EEE,74961
1095,Kiran,EEE,68269
1096,Aarav,CSE,48170
1097,Akhil,ME,55846
1098,Rohan,CE,55936
1099,Rohan,CSE,87853
1100,Aarav,CSE,73275
1101,Diya,ME,48951
1102,Rahul,ECE,90111
1103,Anu,CSE,66225
1104,Kiran,CSE,40339
1105,Adhil,CE,36599
1106,Arjun,EEE,34057
1107,Arjun,CE,32569
1108,Adhil,CE,78869
1109,Diya,ME,44975
1110,Rohan,CE,53632
1111,Vishnu,CE,67635
1112,Rahul,ECE,33762
1113,Diya,ME,35400
1114,Arjun,ME,43761
1115,Meera,ECE,69568
1116,Adhil,CE,30515
1117,Rohan,EEE,38935
1118,Rahul,ECE,67898
1119,Neha,ME,59277
1120,Jude,ME,87599
1121,Aarav,CE,46094
1122,Akhil,ME,65651
1123,Meera,CE,54049
1124,Rahul,CE,50111
1125,Anu,ME,98837
1126,Amy,CSE,33496
1127,Anu,ME,99905
1128,Vishnu,EEE,37231
1129,Diya,EEE,86076
1130,Akhil,EEE,93189
1131,Neha,EEE,47040
1132,Vishnu,ME,77641
1133,Arjun,EEE,46877
1134,Akhil,CE,72491
1135,Rahul,CSE,68916
1136,Neha,EEE,36518
1137,Anu,EEE,39680
1138,Akhil,CE,89533
1139,Kiran,ECE,61868
1140,Kiran,ME,47502
1141,Diya,CE,78176
1142,Akhil,CE,37496
1143,Arjun,CSE,42330
1144,Jude,EEE,36207
1145,Vishnu,ECE,93247
1146,Meera,CSE,68117
1147,Anu,EEE,57818
1148,Jude,EEE,92175
1149,Riya,CE,56300
1150,Vishnu,CSE,99271
1151,Vishnu,ECE,55460
1152,Vishnu,CE,87753
1153,Amy,CSE,91777
1154,Kiran,CSE,43715
1155,Rahul,ECE,41290
1156,Rahul,EEE,49636
1157,Arjun,ECE,30275
1158,Diya,ME,44067
1159,Rahul,EEE,55584
1160,Akhil,EEE,42732
1161,Jude,ME,30493
1162,Arjun,ECE,72174
1163,Kiran,ME,40792
1164,Akhil,CSE,76788
1165,Anu,ME,86952
1166,Rahul,ECE,95145
1167,Jude,ME,40956
1168,Anu,CE,80875
1169,Rahul,ECE,44069
1170,Adhil,CE,46005
1171,Neha,ME,74662
1172,Aarav,ME,72661
1173,Arjun,EEE,54270
1174,Riya,CSE,98983
1175,Neha,ECE,48697
1176,Kiran,CSE,47303
1177,Diya,CSE,42663
1178,Rahul,CSE,80056
1179,Meera,CE,45700
1180,Anu,ME,61298
1181,Adhil,ME,31722
1182,Amy,EEE,82333
1183,Diya,EEE,82990
1184,Aarav,CE,42208
1185,Aarav,CE,68320
1186,Diya,ECE,33358
1187,Arjun,EEE,62555
1188,Amy,ECE,34953
1189,Vishnu,ME,41821
1190,Amy,EEE,39877
1191,Diya,EEE,55791
1192,Meera,ECE,97194
1193,Kiran,ME,58621
1194,Arjun,CSE,96954
1195,Rohan,EEE,97423
1196,Amy,ECE,93744
1197,Meera,CE,96660
1198,Jude,EEE,66477
1199,Akhil,CE,47948
1200,Kiran,ME,35574
1201,Jude,ECE,70709
1202,Neha,EEE,48362
1203,Adhil,ME,64929
1204,Rahul,ECE,63735
1205,Arjun,CSE,82263
1206,Adhil,CSE,76178
1207,Riya,CSE,79069
1208,Aarav,ME,61154
1209,Riya,CSE,85427
1210,Neha,ECE,69135
1211,Aarav,CSE,51874
1212,Vishnu,ME,45021
1213,Meera,CSE,50463
1214,Adhil,CSE,32105
1215,Arjun,ECE,40055
1216,Rahul,CE,86693
1217,Neha,CE,50909
1218,Jude,ECE,44758
1219,Jude,EEE,44125
1220,Diya,EEE,89641
1221,Vishnu,CE,56468
1222,Vishnu,ECE,57784
1223,Arjun,ECE,30821
1224,Riya,EEE,89198
1225,Akhil,CSE,83494
1226,Diya,EEE,88845
1227,Rahul,CSE,30303
1228,Jude,CE,55219
1229,Vishnu,CSE,85295
1230,Neha,ECE,92287
1231,Meera,CE,59844
1232,Kiran,ME,58006
1233,Diya,CSE,66332
1234,Jude,CE,97645
1235,Diya,CE,42691
1236,Aarav,EEE,71182
1237,Jude,ECE,77295
1238,Anu,CE,75253
1239,Anu,ECE,36142
1240,Amy,CSE,89338
1241,Rahul,EEE,82385
1242,Arjun,EEE,76602
1243,Anu,EEE,68563
1244,Rahul,CE,63255
1245,Riya,ECE,70532
1246,Vishnu,ME,96179
1247,Rahul,EEE,37197
1248,Jude,CSE,74841
1249,Aarav,EEE,63589
1250,Vishnu,ME,64422
1251,Riya,CE,58939
1252,Neha,ME,51158
1253,Rahul,CE,52681
1254,Riya,CSE,59412
1255,Rahul,EEE,60053
1256,Amy,CE,89796
1257,Meera,ME,90097
1258,Akhil,CE,44197
1259,Neha,EEE,39888
1260,Jude,CE,48968
1261,Amy,CE,96565
1262,Riya,ECE,61671
1263,Vishnu,CE,43806
1264,Jude,CE,95428
1265,Anu,ECE,54473
1266,Neha,CE,84356
1267,Kiran,CE,45157
1268,Aarav,ME,65711
1269,Jude,ME,80305
1270,Adhil,CSE,53899
1271,Diya,ME,47553
1272,Rahul,EEE,56107
1273,Adhil,CSE,97296
1274,Kiran,CSE,72143
1275,Riya,ME,89026
1276,Aarav,EEE,48119
1277,Meera,CE,37438
1278,Kiran,ME,63123
1279,Meera,ECE,31568
1280,Rahul,ME,46129
1281,Vishnu,EEE,77285
1282,Arjun,EEE,41067
1283,Akhil,ME,77490
1284,Diya,ECE,30699
1285,Adhil,ECE,53030
1286,Vishnu,CE,72665
1287,Amy,ME,30866
1288,Adhil,EEE,69311
1289,Amy,EEE,34070
1290,Rahul,CSE,39396
1291,Diya,ECE,41747
1292,Neha,EEE,90553
1293,Rahul,ECE,92483
1294,Kiran,CSE,65738
1295,Meera,EEE,64722
1296,Jude,EEE,48123
1297,Meera,ME,31329
1298,Rohan,ECE,57733
1299,Anu,CE,48998
1300,Arjun,CE,72348
1301,Vishnu,ME,48679
1302,Meera,CE,72467
1303,Rohan,ME,38170
1304,Adhil,CSE,81523
1305,Kiran,ECE,52316
1306,Riya,ME,66857
1307,Neha,ECE,92583
1308,Adhil,ECE,75910
1309,Meera,ME,93613
1310,Meera,ECE,71922
1311,Jude,CSE,38458
1312,Diya,ME,79754
1313,Aarav,EEE,56909
1314,Jude,ME,70860
1315,Meera,ME,92954
1316,Amy,EEE,59471
1317,Diya,CE,65739
1318,Amy,CE,68380
1319,Anu,CE,83399
1320,Arjun,ECE,33087
1321,Rohan,ME,40485
1322,Neha,ME,99866
1323,Adhil,ME,61084
1324,Akhil,ECE,56923
1325,Anu,CE,51133
1326,Riya,CSE,90474
1327,Arjun,ME,57081
1328,Rahul,ME,42003
1329,Riya,CSE,95135
1330,Adhil,ECE,68894
1331,Aarav,CSE,44963
1332,Kiran,CE,41362
1333,Vishnu,EEE,32194
1334,Neha,ECE,82844
1335,Akhil,CE,71966
1336,Kiran,CE,80507
1337,Adhil,EEE,37463
1338,Anu,CSE,34796
1339,Akhil,ECE,69122
1340,Vishnu,ECE,97341
1341,Neha,ECE,50962
1342,Rahul,ECE,52242
1343,Arjun,CE,80145
1344,Aarav,CSE,45250
1345,Adhil,CE,42927
1346,Rohan,EEE,75344
1347,Rahul,CSE,63902
1348,Anu,ECE,45281
1349,Rohan,CSE,88645
1350,Neha,ME,41581
1351,Rohan,ECE,32267
1352,Amy,EEE,73383
1353,Vishnu,CSE,30071
1354,Amy,EEE,90939
1355,Rohan,ME,40596
1356,Riya,ME,88549
1357,Diya,CE,74839
1358,Meera,CE,34352
1359,Rohan,CSE,57721
1360,Arjun,CSE,68518
1361,Anu,CE,47016
1362,Adhil,CSE,72280
1363,Amy,ME,39558
1364,Diya,ME,96580
1365,Diya,ME,60707
1366,Akhil,CE,78249
1367,Rohan,EEE,61199
1368,Amy,ECE,68884
1369,Jude,EEE,86243
1370,Riya,ME,43074
1371,Adhil,EEE,99348
1372,Arjun,ME,41850
1373,Kiran,CSE,49731
1374,Jude,EEE,67918
1375,Akhil,ECE,61079
1376,Diya,CE,85696
1377,Adhil,CSE,83632
1378,Akhil,CSE,38489
1379,Aarav,CSE,83193
1380,Diya,ME,91888
1381,Aarav,CSE,65372
1382,Anu,CSE,99769
1383,Akhil,ECE,64186
1384,Neha,ECE,68953
1385,Aarav,CSE,62608
1386,Rahul,CSE,60380
1387,Vishnu,CSE,44797
1388,Aarav,ME,73935
1389,Aarav,EEE,65984
1390,Meera,CSE,45887
1391,Rohan,CSE,30131
1392,Rahul,CE,75802
1393,Anu,EEE,39290
1394,Amy,ECE,83544
1395,Riya,ME,51985
1396,Akhil,EEE,67030
1397,Riya,CSE,93684
1398,Anu,ME,66845
1399,Kiran,CSE,98964
1400,Adhil,CE,90357
1401,Jude,CE,59826
1402,Amy,ME,33682
1403,Meera,EEE,77126
1404,Meera,CE,44232
1405,Anu,EEE,50714
1406,Kiran,CE,65687
1407,Jude,CE,46821
1408,Aarav,CSE,77287
1409,Anu,EEE,96746
1410,Meera,ECE,30853
1411,Adhil,ME,50156
1412,Riya,ECE,58170
1413,Anu,ME,83519
1414,Amy,CE,89858
1415,Rohan,EEE,89765
1416,Aarav,EEE,67305
1417,Vishnu,CE,65081
1418,Kiran,CE,65623
1419,Amy,CSE,75300
1420,Neha,EEE,30219
1421,Rahul,CE,69107
1422,Neha,CE,93169
1423,Arjun,EEE,93429
1424,Jude,EEE,85127
1425,Kiran,CSE,39232
1426,Riya,ME,70460
1427,Vishnu,ECE,85204
1428,Vishnu,EEE,41415
1429,Jude,CSE,41118
1430,Diya,CSE,94621
1431,Kiran,CSE,39465
1432,Adhil,EEE,89828
1433,Riya,ME,64345
1434,Rahul,ECE,48105
1435,Neha,ME,76676
1436,Meera,CSE,64710
1437,Aarav,EEE,70047
1438,Arjun,ECE,96734
1439,Meera,CE,87303
1440,Meera,CSE,35502
1441,Amy,EEE,76121
1442,Kiran,CSE,60723
1443,Amy,ME,51289
1444,Anu,CSE,70466
1445,Vishnu,CSE,39236
1446,Jude,CE,46531
1447,Arjun,ECE,80625
1448,Jude,CE,89050
1449,Meera,CSE,52297
1450,Amy,EEE,31005
1451,Meera,ME,47398
1452,Jude,CE,41359
1453,Kiran,CE,30081
1454,Adhil,ME,34234
1455,Jude,ECE,97515
1456,Neha,EEE,52456
1457,Aarav,CSE,94023
1458,Kiran,CSE,88067
1459,Rohan,ME,83645
1460,Kiran,ECE,31142
1461,Kiran,ECE,57113
1462,Neha,CE,89009
1463,Rohan,ECE,94941
1464,Adhil,ME,73016
1465,Riya,CE,84752
1466,Adhil,EEE,50435
1467,Rohan,ME,49417
1468,Vishnu,ME,63461
1469,Amy,CE,83513
1470,Aarav,CE,51436
1471,Anu,CSE,96803
1472,Diya,ECE,65691
1473,Akhil,EEE,30126
1474,Arjun,ECE,60335
1475,Anu,ME,77188
1476,Diya,ECE,64729
1477,Riya,EEE,53272
1478,Meera,EEE,37734
1479,Diya,ME,53746
1480,Adhil,ECE,90298
1481,Arjun,EEE,87801
1482,Meera,CE,87260
1483,Arjun,CSE,90999
1484,Jude,CE,30361
1485,Diya,EEE,91923
1486,Arjun,ME,52088
1487,Vishnu,CE,89199
1488,Vishnu,ME,47431
1489,Arjun,EEE,88475
1490,Rahul,CSE,70362
1491,Vishnu,CSE,57167
1492,Meera,ECE,42687
1493,Diya,CSE,70478
1494,Aarav,CE,55154
1495,Riya,ECE,76079
1496,Akhil,EEE,88960
1497,Neha,CSE,89143
1498,Rahul,CE,79126
1499,Adhil,ME,32305
1500,Meera,CE,91045
1501,Kiran,CE,98556
1502,Neha,CE,52880
1503,Vishnu,EEE,57184
1504,Riya,CSE,76213
1505,Jude,ME,36805
1506,Arjun,ME,42346
1507,Kiran,CSE,78101
1508,Rohan,ECE,54896
1509,Rohan,EEE,95079
1510,Anu,ME,78837
1511,Adhil,ECE,35117
1512,Aarav,CE,61832
1513,Arjun,ECE,76594
1514,Vishnu,ECE,31221
1515,Arjun,ME,61491
1516,Riya,CE,44664
1517,Vishnu,CSE,34423
1518,Riya,CSE,90545
1519,Neha,ME,79662
1520,Riya,EEE,32256
1521,Meera,CE,79169
1522,Meera,CSE,66999
1523,Aarav,CSE,40491
1524,Meera,EEE,85389
1525,Neha,EEE,63104
1526,Jude,ME,63806
1527,Amy,CE,83276
1528,Akhil,EEE,89157
1529,Kiran,EEE,51088
1530,Meera,EEE,82255
1531,Kiran,ME,47660
1532,Diya,ME,74926
1533,Adhil,ECE,72471
1534,Adhil,CE,74150
1535,Arjun,EEE,46932
1536,Adhil,ECE,34508
1537,Amy,CE,35463
1538,Vishnu,CSE,59752
1539,Meera,ME,94448
1540,Akhil,ECE,76123
1541,Rahul,ECE,96592
1542,Diya,CE,62005
1543,Adhil,ECE,46565
1544,Anu,ME,95400
1545,Neha,ECE,95686
1546,Jude,CSE,39786
1547,Meera,ECE,57267
1548,Arjun,EEE,35714
1549,Aarav,ME,70265
1550,Neha,ECE,78369
1551,Neha,ME,34554
1552,Rahul,CSE,42075
1553,Anu,EEE,95332
1554,Riya,ME,41697
1555,Anu,EEE,85607
1556,Anu,EEE,66831
1557,Akhil,EEE,96661
1558,Kiran,ECE,57340
1559,Jude,ECE,61375
1560,Akhil,ECE,33153
1561,Arjun,ME,47911
1562,Arjun,EEE,48102
1563,Diya,CE,56994
1564,Rohan,CSE,84588
1565,Kiran,CSE,41800
1566,Arjun,ECE,30681
1567,Anu,ME,59908
1568,Anu,CE,35712
1569,Akhil,EEE,61683
1570,Adhil,CE,71399
1571,Neha,CSE,46727
1572,Akhil,CE,76295
1573,Diya,CSE,91455
1574,Riya,ME,57621
1575,Riya,CSE,63722
1576,Diya,ECE,40370
1577,Diya,CE,85828
1578,Anu,ME,33610
1579,Akhil,ECE,60058
1580,Jude,ME,93628
1581,Rahul,EEE,64061
1582,Neha,EEE,94491
1583,Adhil,ME,35792
1584,Rohan,CSE,52475
1585,Kiran,CSE,43011
1586,Aarav,ME,49646
1587,Vishnu,ECE,71887
1588,Akhil,CSE,86736
1589,Akhil,CE,94140
1590,Anu,ECE,56557
1591,Akhil,ME,57140
1592,Akhil,CSE,60545
1593,Jude,EEE,80926
1594,Meera,CSE,71228
1595,Neha,CE,43545
1596,Arjun,ECE,85825
1597,Adhil,EEE,32819
1598,Aarav,CE,90754
1599,Meera,CSE,48893
1600,Aarav,ME,68020
